cluster_id,vehicle_id,vehicle_type,distance_to_pickup_m
C000000,VEH00467,EV,86.5
C000001,VEH00772,EV,89.1
C000002,VEH00483,EV,112.5
C000003,VEH00638,EV,124.9
C000004,VEH00338,EV,138.8
C000005,VEH00416,EV,142.3
C000006,VEH00363,EV,144.8
C000007,VEH00560,EV,146.5
C000008,VEH00690,EV,165.4
C000009,VEH00516,EV,167.6
C000010,VEH00573,EV,170.4
C000011,VEH00481,EV,187.1
C000012,VEH00077,EV,195.7
C000013,VEH00378,EV,197.7
C000014,VEH00193,EV,213.1
C000015,VEH00703,EV,213.8
C000016,VEH00209,EV,235.6
C000017,VEH00540,EV,241.7
C000018,VEH00716,EV,244.2
C000019,VEH00064,EV,245.6
C000020,VEH00423,EV,171.7
C000021,VEH00353,EV,49.7
C000022,VEH00251,EV,233.2
C000023,VEH00342,EV,143.5
C000024,VEH00479,EV,182.4
C000025,VEH00422,EV,225.2
C000026,VEH00354,EV,242.6
C000027,VEH00583,EV,250.6
C000028,VEH00201,EV,90.6
C000029,VEH00220,EV,70.8
C000030,VEH00056,EV,181.0
C000031,VEH00797,EV,219.1
C000032,VEH00590,EV,51.2
C000033,VEH00602,EV,54.1
C000034,VEH00618,EV,70.9
C000035,VEH00460,EV,109.5
C000036,VEH00457,EV,124.6
C000037,VEH00154,EV,138.8
C000038,VEH00505,EV,70.7
C000039,VEH00136,EV,74.4
C000040,VEH00007,EV,106.2
C000041,VEH00068,EV,130.2
C000042,VEH00221,EV,142.6
C000043,VEH00029,EV,160.8
C000044,VEH00276,EV,173.5
C000045,VEH00522,EV,192.6
C000046,VEH00234,EV,193.9
C000047,VEH00287,EV,207.0
C000048,VEH00164,EV,213.1
C000049,VEH00080,EV,212.0
C000050,VEH00509,EV,219.3
C000051,VEH00758,EV,248.1
C000052,VEH00410,EV,228.7
C000053,VEH00108,EV,277.9
C000054,VEH00665,EV,297.6
C000055,VEH00487,EV,299.3
C000056,VEH00140,EV,302.3
C000057,VEH00123,EV,345.0
C000058,VEH00374,EV,247.5
C000059,VEH00143,EV,356.3
C000060,VEH00538,EV,277.4
C000061,VEH00166,EV,359.6
C000062,VEH00474,EV,362.1
C000063,VEH00187,EV,295.2
C000064,VEH00632,EV,374.7
C000065,VEH00634,EV,381.0
C000066,VEH00548,EV,82.8
C000067,VEH00020,EV,106.9
C000068,VEH00324,EV,111.3
C000069,VEH00121,EV,143.3
C000070,VEH00762,EV,60.4
C000071,VEH00327,EV,166.2
C000072,VEH00208,EV,281.2
C000073,VEH00084,EV,285.4
C000074,VEH00122,EV,288.4
C000075,VEH00587,EV,295.1
C000076,VEH00636,EV,300.7
C000077,VEH00393,EV,307.7
C000078,VEH00592,EV,311.5
C000079,VEH00644,EV,315.8
C000080,VEH00513,EV,327.3
C000081,VEH00125,EV,334.6
C000082,VEH00414,EV,342.7
C000083,VEH00545,EV,343.6
C000084,VEH00137,EV,346.6
C000085,VEH00704,EV,283.8
C000086,VEH00534,EV,363.1
C000087,VEH00763,EV,363.3
C000088,VEH00214,EV,393.2
C000089,VEH00001,EV,306.7
C000090,VEH00332,EV,397.9
C000091,VEH00563,EV,398.9
C000092,VEH00096,EV,403.4
C000093,VEH00334,EV,413.1
C000094,VEH00530,EV,414.0
C000095,VEH00552,EV,423.3
C000096,VEH00070,EV,429.2
C000097,VEH00485,EV,434.3
C000098,VEH00394,EV,454.8
C000099,VEH00094,EV,471.3
C000100,VEH00335,EV,471.6
C000101,VEH00082,EV,487.9
C000102,VEH00265,EV,490.6
C000103,VEH00389,EV,498.9
C000104,VEH00655,EV,513.6
C000105,VEH00043,EV,372.4
C000106,VEH00042,EV,514.7
C000107,VEH00177,EV,533.1
C000108,VEH00228,EV,548.1
C000109,VEH00093,EV,376.4
C000110,VEH00060,EV,554.8
C000111,VEH00695,EV,561.7
C000112,VEH00118,EV,567.2
C000113,VEH00501,EV,578.2
C000114,VEH00178,EV,579.1
C000115,VEH00679,EV,589.3
C000116,VEH00049,EV,596.4
C000117,VEH00188,EV,603.3
C000118,VEH00009,EV,605.5
C000119,VEH00678,EV,616.4
C000120,VEH00764,EV,623.9
C000121,VEH00330,EV,628.1
C000122,VEH00048,EV,657.0
C000123,VEH00791,EV,682.7
C000124,VEH00477,EV,74.6
C000125,VEH00147,EV,683.9
C000126,VEH00700,EV,686.7
C000127,VEH00252,EV,628.7
C000128,VEH00198,EV,705.9
C000129,VEH00282,EV,653.5
C000130,VEH00055,EV,710.6
C000131,VEH00289,EV,711.9
C000132,VEH00210,EV,723.6
C000133,VEH00381,EV,724.3
C000134,VEH00459,EV,726.2
C000135,VEH00310,EV,728.1
C000136,VEH00524,EV,739.4
C000137,VEH00358,EV,739.6
C000138,VEH00227,EV,657.6
C000139,VEH00478,EV,759.2
C000140,VEH00295,EV,783.2
C000141,VEH00434,EV,784.6
C000142,VEH00456,EV,790.2
C000143,VEH00576,EV,793.4
C000144,VEH00218,EV,800.8
C000145,VEH00395,EV,815.5
C000146,VEH00691,EV,818.9
C000147,VEH00653,EV,823.2
C000148,VEH00309,EV,823.8
C000149,VEH00308,EV,839.7
C000150,VEH00594,EV,843.7
C000151,VEH00623,EV,847.6
C000152,VEH00622,EV,854.9
C000153,VEH00344,EV,858.8
C000154,VEH00320,EV,861.4
C000155,VEH00022,EV,873.1
C000156,VEH00777,EV,888.8
C000157,VEH00075,EV,904.3
C000158,VEH00714,EV,761.9
C000159,VEH00761,EV,909.4
C000160,VEH00431,EV,790.5
C000161,VEH00759,EV,910.9
C000162,VEH00264,EV,913.7
C000163,VEH00564,EV,915.9
C000164,VEH00471,EV,916.2
C000165,VEH00539,EV,922.2
C000166,VEH00041,EV,931.0
C000167,VEH00397,EV,938.9
C000168,VEH00727,EV,943.6
C000169,VEH00039,EV,807.8
C000170,VEH00585,EV,950.3
C000171,VEH00721,EV,953.3
C000172,VEH00486,EV,975.2
C000173,VEH00138,EV,976.2
C000174,VEH00784,EV,976.9
C000175,VEH00646,EV,977.1
C000176,VEH00026,EV,979.7
C000177,VEH00641,EV,985.5
C000178,VEH00028,EV,987.6
C000179,VEH00517,EV,992.4
C000180,VEH00561,EV,996.6
C000181,VEH00317,EV,1008.4
C000182,VEH00162,EV,1016.5
C000183,VEH00074,EV,1020.1
C000184,VEH00427,EV,1022.8
C000185,VEH00710,EV,1027.3
C000186,VEH00707,EV,1046.8
C000187,VEH00267,EV,1053.0
C000188,VEH00454,EV,1056.0
C000189,VEH00549,EV,491.3
C000190,VEH00158,EV,1059.2
C000191,VEH00316,EV,1071.5
C000192,VEH00185,EV,1072.0
C000193,VEH00184,EV,1073.9
C000194,VEH00194,EV,1075.6
C000195,VEH00786,EV,1080.3
C000196,VEH00458,EV,1084.0
C000197,VEH00630,EV,1085.5
C000198,VEH00326,EV,551.9
C000199,VEH00078,EV,1099.2
C000200,VEH00027,EV,418.9
C000201,VEH00559,EV,1111.9
C000202,VEH00236,EV,578.8
C000203,VEH00217,EV,1118.1
C000204,VEH00450,EV,1125.0
C000205,VEH00631,EV,1126.3
C000206,VEH00556,EV,849.8
C000207,VEH00531,EV,1127.5
C000208,VEH00401,EV,471.4
C000209,VEH00409,EV,1140.1
C000210,VEH00436,EV,929.4
C000211,VEH00337,EV,319.6
C000212,VEH00016,EV,339.2
C000213,VEH00098,EV,353.8
C000214,VEH00502,EV,366.3
C000215,VEH00611,EV,392.1
C000216,VEH00171,EV,409.6
C000217,VEH00404,EV,417.3
C000218,VEH00206,EV,420.5
C000219,VEH00290,EV,425.3
C000220,VEH00726,EV,433.7
C000221,VEH00390,EV,451.7
C000222,VEH00662,EV,476.6
C000223,VEH00428,EV,492.7
C000224,VEH00411,EV,499.2
C000225,VEH00504,EV,504.6
C000226,VEH00031,EV,423.6
C000227,VEH00774,EV,908.1
C000228,VEH00792,EV,985.8
C000229,VEH00172,EV,119.7
C000230,VEH00562,EV,123.7
C000231,VEH00097,EV,131.6
C000232,VEH00362,EV,143.9
C000233,VEH00311,EV,147.3
C000234,VEH00406,EV,147.4
C000235,VEH00621,EV,158.7
C000236,VEH00527,EV,165.5
C000237,VEH00088,EV,178.6
C000238,VEH00253,EV,181.0
C000239,VEH00045,EV,184.2
C000240,VEH00396,EV,187.2
C000241,VEH00624,EV,205.8
C000242,VEH00461,EV,210.8
C000243,VEH00333,EV,221.0
C000244,VEH00567,EV,226.0
C000245,VEH00446,EV,243.6
C000246,VEH00008,EV,256.4
C000247,VEH00380,EV,259.7
C000248,VEH00672,EV,270.5
C000249,VEH00667,EV,278.3
C000250,VEH00628,EV,284.6
C000251,VEH00226,EV,285.6
C000252,VEH00373,EV,292.3
C000253,VEH00788,EV,326.5
C000254,VEH00377,EV,337.4
C000255,VEH00106,EV,338.8
C000256,VEH00383,EV,344.3
C000257,VEH00442,EV,351.9
C000258,VEH00015,EV,359.5
C000259,VEH00495,EV,373.4
C000260,VEH00069,EV,391.9
C000261,VEH00683,EV,397.9
C000262,VEH00047,EV,417.5
C000263,VEH00693,EV,433.5
C000264,VEH00551,EV,434.0
C000265,VEH00113,EV,451.1
C000266,VEH00692,EV,456.1
C000267,VEH00092,EV,462.1
C000268,VEH00722,EV,465.1
C000269,VEH00369,EV,467.6
C000270,VEH00443,EV,497.2
C000271,VEH00197,EV,524.7
C000272,VEH00660,EV,531.0
C000273,VEH00430,EV,556.3
C000274,VEH00528,EV,574.8
C000275,VEH00179,EV,575.2
C000276,VEH00375,EV,584.8
C000277,VEH00419,EV,631.1
C000278,VEH00062,EV,644.9
C000279,VEH00169,EV,663.4
C000280,VEH00024,EV,673.0
C000281,VEH00591,EV,696.8
C000282,VEH00498,EV,734.7
C000283,VEH00550,EV,780.2
C000284,VEH00061,EV,810.4
C000285,VEH00547,EV,817.2
C000286,VEH00216,EV,838.8
C000287,VEH00713,EV,851.9
C000288,VEH00339,EV,933.6
C000289,VEH00795,EV,950.5
C000290,VEH00131,EV,985.8
C000291,VEH00577,EV,986.1
C000292,VEH00728,EV,1019.7
C000293,VEH00222,EV,1048.1
C000294,VEH00686,EV,1052.6
C000295,VEH00724,EV,1058.7
C000296,VEH00215,EV,1081.5
C000297,VEH00639,EV,1094.5
C000298,VEH00453,EV,1111.4
C000299,VEH00130,EV,1156.6
C000300,VEH00656,EV,1161.1
C000301,VEH00669,EV,1167.7
C000302,VEH00664,EV,1194.3
C000303,VEH00658,EV,1210.6
C000304,VEH00670,EV,1271.9
C000305,VEH00518,EV,1305.4
C000306,VEH00030,EV,1313.0
C000307,VEH00189,EV,1359.3
C000308,VEH00402,EV,1386.3
C000309,VEH00731,EV,1491.4
C000310,VEH00144,EV,1846.2
C000311,VEH00248,EV,1904.7
C000312,VEH00780,EV,2135.3
C000313,VEH00365,EV,2143.1
C000314,VEH00321,EV,2146.3
C000315,VEH00023,EV,2194.1
C000316,VEH00580,EV,2196.4
C000317,VEH00035,EV,2220.7
C000318,VEH00114,EV,2251.9
C000319,VEH00300,EV,2274.9
C000320,VEH00079,EV,2283.9
C000321,VEH00647,EV,2314.3
C000322,VEH00480,EV,2348.5
C000323,VEH00224,EV,2386.2
C000324,VEH00288,EV,2389.4
C000325,VEH00654,EV,2392.8
C000326,VEH00271,EV,2397.8
C000327,VEH00100,EV,2412.3
C000328,VEH00399,EV,2414.7
C000329,VEH00783,EV,2418.2
C000330,VEH00312,EV,2424.9
C000331,VEH00291,EV,2428.7
C000332,VEH00465,EV,2431.2
C000333,VEH00781,EV,2441.6
C000334,VEH00382,EV,2456.0
C000335,VEH00299,EV,2464.5
C000336,VEH00633,EV,2468.3
C000337,VEH00095,EV,2469.1
C000338,VEH00432,EV,2471.5
C000339,VEH00274,EV,2480.1
C000340,VEH00663,EV,2491.5
C000341,VEH00757,EV,2503.7
C000342,VEH00294,EV,2525.9
C000343,VEH00439,EV,2527.3
C000344,VEH00619,EV,2532.7
C000345,VEH00109,EV,2534.1
C000346,VEH00180,EV,2537.0
C000347,VEH00554,EV,2543.9
C000348,VEH00484,EV,2545.4
C000349,VEH00111,EV,2549.4
C000350,VEH00571,EV,2552.5
C000351,VEH00437,EV,2567.3
C000352,VEH00418,EV,2576.0
C000353,VEH00789,EV,2582.9
C000354,VEH00322,EV,2590.2
C000355,VEH00319,EV,2602.3
C000356,VEH00435,EV,2625.3
C000357,VEH00183,EV,2648.0
C000358,VEH00747,EV,2651.9
C000359,VEH00659,EV,2660.3
C000360,VEH00787,EV,2662.8
C000361,VEH00750,EV,2668.9
C000362,VEH00515,EV,2697.2
C000363,VEH00555,EV,2697.7
C000364,VEH00145,EV,2704.5
C000365,VEH00588,EV,2708.4
C000366,VEH00544,EV,2708.8
C000367,VEH00488,EV,2708.8
C000368,VEH00204,EV,2731.4
C000369,VEH00129,EV,2749.1
C000370,VEH00073,EV,2764.4
C000371,VEH00386,EV,2779.7
C000372,VEH00694,EV,2788.3
C000373,VEH00760,EV,2791.4
C000374,VEH00071,EV,2791.8
C000375,VEH00570,EV,2807.9
C000376,VEH00470,EV,2808.4
C000377,VEH00343,EV,2835.3
C000378,VEH00076,EV,2889.6
C000379,VEH00433,EV,2892.6
C000380,VEH00668,EV,2955.3
C000381,VEH00101,EV,2957.6
C000382,VEH00676,EV,2996.6
C000383,VEH00519,EV,2998.9
C000384,VEH00444,EV,3008.1
C000385,VEH00128,EV,3045.9
C000386,VEH00256,EV,3053.8
C000387,VEH00368,EV,3062.4
C000388,VEH00033,EV,3062.7
C000389,VEH00148,EV,3073.6
C000390,VEH00476,EV,3138.8
C000391,VEH00796,EV,3155.0
C000392,VEH00448,EV,3170.5
C000393,VEH00798,EV,3213.9
C000394,VEH00181,EV,3483.0
C000395,VEH00167,EV,3552.4
C000396,VEH00542,EV,3565.2
C000397,VEH00794,EV,3879.5
C000398,VEH00376,EV,3896.2
C000399,VEH00314,EV,4029.0
C000400,VEH00384,EV,4078.0
C000401,VEH00298,EV,4104.7
C000402,VEH00533,EV,4124.4
C000403,VEH00359,EV,4269.8
C000404,VEH00640,EV,4283.3
C000405,VEH00297,EV,4397.8
C000406,VEH00285,EV,4422.1
C000407,VEH00776,EV,4436.3
C000408,VEH00025,EV,4460.6
C000409,VEH00482,EV,4465.5
C000410,VEH00421,EV,4478.0
C000411,VEH00341,EV,4478.8
C000412,VEH00625,EV,4506.2
C000413,VEH00469,EV,4547.8
C000414,VEH00491,EV,4657.5
C000415,VEH00051,EV,4550.6
C000416,VEH00574,EV,4806.7
C000417,VEH00019,EV,4803.8
C000418,VEH00793,EV,4525.9
C000419,VEH00508,EV,4843.2
C000420,VEH00705,EV,4885.8
C000421,VEH00725,EV,4710.3
C000422,VEH00275,EV,4912.2
C000423,VEH00072,EV,5087.8
C000424,VEH00361,EV,5112.4
C000425,VEH00315,EV,5126.1
C000426,VEH00255,EV,4879.3
C000427,VEH00307,EV,5313.2
C000428,VEH00767,EV,5710.5
C000429,VEH00170,EV,5876.1
C000430,VEH00494,EV,6442.0
C000431,VEH00412,EV,6774.1
C000432,VEH00733,EV,6853.2
C000433,VEH00250,EV,6894.2
C000434,VEH00345,EV,6900.7
C000435,VEH00699,EV,7173.6
C000436,VEH00400,EV,7014.9
C000437,VEH00280,EV,7189.1
C000438,VEH00712,EV,7199.3
C000439,VEH00066,EV,6893.1
C000440,VEH00766,EV,7263.5
C000441,VEH00059,EV,7276.0
C000442,VEH00318,EV,7041.4
C000443,VEH00512,EV,7212.0
C000444,VEH00261,EV,7358.2
C000445,VEH00756,EV,7368.3
C000446,VEH00127,EV,7391.6
C000447,VEH00054,EV,7088.2
C000448,VEH00223,EV,7392.9
C000449,VEH00523,EV,7424.4
C000450,VEH00364,EV,7510.0
C000451,VEH00046,EV,7520.6
C000452,VEH00723,EV,7528.4
C000453,VEH00582,EV,7548.0
C000454,VEH00151,EV,7582.0
C000455,VEH00304,EV,7644.8
C000456,VEH00413,EV,7666.6
C000457,VEH00159,EV,7690.2
C000458,VEH00152,EV,7710.3
C000459,VEH00239,EV,7863.8
C000460,VEH00266,EV,7497.5
C000461,VEH00497,EV,7972.2
C000462,VEH00661,EV,8039.4
C000463,VEH00451,EV,7553.3
C000464,VEH00586,EV,8134.1
C000465,VEH00503,EV,8347.1
C000466,VEH00507,EV,8823.0
C000467,VEH00044,EV,8839.5
C000468,VEH00146,EV,8383.2
C000469,VEH00473,EV,8906.3
C000470,VEH00000,EV,9069.8
C000471,VEH00496,EV,9156.7
C000472,VEH00213,EV,9165.6
C000473,VEH00635,EV,9239.1
C000474,VEH00729,EV,9282.5
C000475,VEH00141,EV,9382.7
C000476,VEH00600,EV,9204.2
C000477,VEH00730,EV,9603.2
C000478,VEH00462,EV,9664.9
C000479,VEH00392,EV,9196.5
C000480,VEH00279,EV,9607.8
C000481,VEH00607,EV,9888.5
C000482,VEH00746,EV,9952.6
C000483,VEH00599,EV,9967.8
C000484,VEH00331,EV,9640.1
C000485,VEH00778,EV,9970.4
C000486,VEH00614,EV,10467.9
C000487,VEH00355,EV,10764.2
C000488,VEH00352,EV,11078.5
C000489,VEH00617,EV,11403.2
C000490,VEH00191,EV,12317.5
C000491,VEH00463,EV,13178.9
C000492,VEH01599,PETROL,72.5
C000493,VEH00360,EV,10003.3
C000494,VEH00613,EV,9690.3
C000495,VEH00053,EV,10703.3
C000496,VEH00212,EV,10676.3
C000497,VEH00642,EV,10869.8
C000498,VEH00348,EV,10923.7
C000499,VEH00417,EV,10053.8
C000500,VEH00682,EV,10678.2
C000501,VEH00150,EV,11185.6
C000502,VEH00749,EV,10742.7
C000503,VEH00609,EV,10329.8
C000504,VEH00500,EV,11290.9
C000505,VEH00581,EV,12383.3
C000506,VEH01946,PETROL,59.5
C000507,VEH01809,PETROL,63.4
C000508,VEH01445,PETROL,158.3
C000509,VEH00601,EV,12242.6
C000510,VEH01402,PETROL,80.0
C000511,VEH01967,PETROL,191.9
C000512,VEH01718,PETROL,236.4
C000513,VEH01531,PETROL,243.5
C000514,VEH01506,PETROL,288.2
C000515,VEH01638,PETROL,289.5
C000516,VEH01427,PETROL,235.1
C000517,VEH01869,PETROL,307.1
C000518,VEH01901,PETROL,314.5
C000519,VEH01628,PETROL,251.8
C000520,VEH01545,PETROL,355.2
C000521,VEH01570,PETROL,360.5
C000522,VEH01405,PETROL,275.1
C000523,VEH01625,PETROL,382.8
C000524,VEH01468,PETROL,360.0
C000525,VEH01731,PETROL,409.5
C000526,VEH01715,PETROL,238.1
C000527,VEH01716,PETROL,411.7
C000528,VEH01634,PETROL,412.2
C000529,VEH01680,PETROL,362.9
C000530,VEH01794,PETROL,453.3
C000531,VEH01940,PETROL,126.6
C000532,VEH01793,PETROL,148.6
C000533,VEH01504,PETROL,158.1
C000534,VEH01471,PETROL,160.2
C000535,VEH01401,PETROL,170.8
C000536,VEH01943,PETROL,244.2
C000537,VEH01551,PETROL,250.2
C000538,VEH01910,PETROL,264.9
C000539,VEH01893,PETROL,301.6
C000540,VEH01730,PETROL,337.7
C000541,VEH01927,PETROL,337.8
C000542,VEH01954,PETROL,357.3
C000543,VEH01805,PETROL,384.9
C000544,VEH01635,PETROL,386.3
C000545,VEH01865,PETROL,398.4
C000546,VEH01842,PETROL,439.9
C000547,VEH01941,PETROL,444.5
C000548,VEH01706,PETROL,445.6
C000549,VEH01712,PETROL,479.6
C000550,VEH01992,PETROL,484.5
C000551,VEH01955,PETROL,500.4
C000552,VEH01951,PETROL,500.9
C000553,VEH01995,PETROL,557.3
C000554,VEH01857,PETROL,558.6
C000555,VEH01676,PETROL,596.5
C000556,VEH01822,PETROL,606.1
C000557,VEH01637,PETROL,606.8
C000558,VEH01671,PETROL,693.6
C000559,VEH01836,PETROL,706.7
C000560,VEH01492,PETROL,794.3
C000561,VEH01847,PETROL,852.1
C000562,VEH01475,PETROL,903.0
C000563,VEH01480,PETROL,927.3
C000564,VEH01779,PETROL,930.7
C000565,VEH01965,PETROL,950.6
C000566,VEH01991,PETROL,1003.5
C000567,VEH01524,PETROL,1017.1
C000568,VEH01505,PETROL,1021.8
C000569,VEH01835,PETROL,1050.3
C000570,VEH01737,PETROL,1053.1
C000571,VEH01832,PETROL,1064.0
C000572,VEH01684,PETROL,1064.5
C000573,VEH01458,PETROL,1070.7
C000574,VEH01408,PETROL,1091.1
C000575,VEH01478,PETROL,1098.7
C000576,VEH01986,PETROL,1098.8
C000577,VEH01900,PETROL,1107.3
C000578,VEH01538,PETROL,1109.8
C000579,VEH01598,PETROL,1113.0
C000580,VEH01879,PETROL,1123.0
C000581,VEH01521,PETROL,1124.7
C000582,VEH01808,PETROL,1125.9
C000583,VEH01785,PETROL,1144.5
C000584,VEH01430,PETROL,1148.5
C000585,VEH01462,PETROL,1159.1
C000586,VEH01958,PETROL,1160.9
C000587,VEH01594,PETROL,1172.0
C000588,VEH01696,PETROL,1181.3
C000589,VEH01454,PETROL,1190.8
C000590,VEH01790,PETROL,1194.6
C000591,VEH01508,PETROL,1201.1
C000592,VEH01858,PETROL,1201.4
C000593,VEH01777,PETROL,1203.7
C000594,VEH01752,PETROL,1210.2
C000595,VEH01486,PETROL,1217.1
C000596,VEH01945,PETROL,1234.3
C000597,VEH01978,PETROL,1250.7
C000598,VEH01420,PETROL,808.0
C000599,VEH01534,PETROL,839.4
C000600,VEH01646,PETROL,638.1
C000601,VEH01872,PETROL,654.0
C000602,VEH01816,PETROL,688.3
C000603,VEH01455,PETROL,711.0
C000604,VEH01530,PETROL,712.8
C000605,VEH01740,PETROL,769.2
C000606,VEH01878,PETROL,801.7
C000607,VEH01593,PETROL,812.7
C000608,VEH01746,PETROL,818.0
C000609,VEH01851,PETROL,835.6
C000610,VEH01956,PETROL,856.2
C000611,VEH01510,PETROL,872.5
C000612,VEH01665,PETROL,875.9
C000613,VEH01824,PETROL,878.7
C000614,VEH01632,PETROL,887.1
C000615,VEH01874,PETROL,913.0
C000616,VEH01509,PETROL,914.1
C000617,VEH01707,PETROL,919.4
C000618,VEH01799,PETROL,938.4
C000619,VEH01856,PETROL,949.4
C000620,VEH01775,PETROL,950.4
C000621,VEH01750,PETROL,954.1
C000622,VEH01700,PETROL,967.7
C000623,VEH01977,PETROL,974.1
C000624,VEH01491,PETROL,974.3
C000625,VEH01544,PETROL,986.5
C000626,VEH01758,PETROL,775.3
C000627,VEH01647,PETROL,995.8
C000628,VEH01692,PETROL,1002.9
C000629,VEH01550,PETROL,1003.2
C000630,VEH01702,PETROL,1007.6
C000631,VEH01871,PETROL,1015.7
C000632,VEH01747,PETROL,1018.3
C000633,VEH01892,PETROL,1040.1
C000634,VEH01975,PETROL,1044.8
C000635,VEH01602,PETROL,1046.6
C000636,VEH01482,PETROL,1051.0
C000637,VEH01675,PETROL,1060.8
C000638,VEH01886,PETROL,1061.3
C000639,VEH01465,PETROL,1067.2
C000640,VEH01972,PETROL,1073.6
C000641,VEH01519,PETROL,1077.6
C000642,VEH01932,PETROL,1105.1
C000643,VEH01417,PETROL,1106.4
C000644,VEH01944,PETROL,695.3
C000645,VEH01529,PETROL,1130.7
C000646,VEH01781,PETROL,1137.2
C000647,VEH01982,PETROL,1143.4
C000648,VEH01572,PETROL,1158.8
C000649,VEH01603,PETROL,881.1
C000650,VEH01979,PETROL,1169.4
C000651,VEH01778,PETROL,1173.5
C000652,VEH01663,PETROL,1174.6
C000653,VEH01411,PETROL,1174.9
C000654,VEH01766,PETROL,1176.2
C000655,VEH01697,PETROL,1189.6
C000656,VEH01767,PETROL,1201.9
C000657,VEH01931,PETROL,1228.2
C000658,VEH00037,EV,11700.5
C000659,VEH00199,EV,10277.5
C000660,VEH00036,EV,9377.3
C000661,VEH01548,PETROL,148.8
C000662,VEH01575,PETROL,85.6
C000663,VEH00649,EV,10720.7
C000664,VEH01421,PETROL,203.4
C000665,VEH01460,PETROL,201.9
C000666,VEH01762,PETROL,219.0
C000667,VEH01881,PETROL,226.0
C000668,VEH01924,PETROL,229.3
C000669,VEH01838,PETROL,251.6
C000670,VEH00506,EV,10828.4
C000671,VEH01936,PETROL,304.0
C000672,VEH01969,PETROL,204.7
C000673,VEH01804,PETROL,323.0
C000674,VEH01487,PETROL,669.0
C000675,VEH01693,PETROL,701.5
C000676,VEH01654,PETROL,706.1
C000677,VEH01496,PETROL,890.8
C000678,VEH01870,PETROL,930.7
C000679,VEH01974,PETROL,934.4
C000680,VEH01627,PETROL,941.7
C000681,VEH01443,PETROL,1579.8
C000682,VEH01424,PETROL,954.2
C000683,VEH01683,PETROL,913.1
C000684,VEH01605,PETROL,982.2
C000685,VEH01558,PETROL,999.4
C000686,VEH01930,PETROL,1023.7
C000687,VEH01791,PETROL,1029.4
C000688,VEH01880,PETROL,1042.5
C000689,VEH01601,PETROL,1049.7
C000690,VEH01614,PETROL,350.2
C000691,VEH01784,PETROL,1053.5
C000692,VEH01806,PETROL,374.6
C000693,VEH01728,PETROL,1055.1
C000694,VEH01800,PETROL,433.7
C000695,VEH01537,PETROL,1058.2
C000696,VEH01841,PETROL,493.0
C000697,VEH01976,PETROL,1084.9
C000698,VEH01444,PETROL,600.7
C000699,VEH01446,PETROL,642.6
C000700,VEH01426,PETROL,1104.9
C000701,VEH01937,PETROL,697.8
C000702,VEH01817,PETROL,712.7
C000703,VEH01450,PETROL,1198.2
C000704,VEH01452,PETROL,1640.2
C000705,VEH01993,PETROL,1260.7
C000706,VEH01796,PETROL,1314.7
C000707,VEH01807,PETROL,1358.5
C000708,VEH01897,PETROL,1388.0
C000709,VEH01563,PETROL,1427.4
C000710,VEH01749,PETROL,1428.8
C000711,VEH01512,PETROL,1435.7
C000712,VEH01704,PETROL,1458.0
C000713,VEH01929,PETROL,1739.1
C000714,VEH01860,PETROL,1462.1
C000715,VEH01998,PETROL,1499.2
C000716,VEH01592,PETROL,1528.5
C000717,VEH01916,PETROL,1531.3
C000718,VEH01963,PETROL,1580.7
C000719,VEH01686,PETROL,1581.6
C000720,VEH01751,PETROL,1588.4
C000721,VEH01898,PETROL,1626.4
C000722,VEH00286,EV,9631.0
C000723,VEH00328,EV,10348.9
C000724,VEH00391,EV,10511.2
C000725,VEH00608,EV,10888.2
C000726,VEH00259,EV,11243.8
C000727,VEH00211,EV,11299.4
C000728,VEH01433,PETROL,173.5
C000729,VEH01852,PETROL,248.2
C000730,VEH01848,PETROL,265.5
C000731,VEH01485,PETROL,276.6
C000732,VEH01596,PETROL,279.3
C000733,VEH01922,PETROL,290.0
C000734,VEH01896,PETROL,313.6
C000735,VEH01743,PETROL,323.9
C000736,VEH01461,PETROL,327.4
C000737,VEH01780,PETROL,331.4
C000738,VEH01525,PETROL,332.5
C000739,VEH01407,PETROL,334.9
C000740,VEH01546,PETROL,357.6
C000741,VEH01888,PETROL,366.0
C000742,VEH01608,PETROL,414.9
C000743,VEH01803,PETROL,465.4
C000744,VEH01949,PETROL,486.8
C000745,VEH01501,PETROL,1119.0
C000746,VEH01973,PETROL,1157.0
C000747,VEH01970,PETROL,1010.9
C000748,VEH01711,PETROL,1419.1
C000749,VEH01950,PETROL,1073.9
C000750,VEH01727,PETROL,1346.2
C000751,VEH01630,PETROL,1276.1
C000752,VEH01961,PETROL,1480.6
C000753,VEH01964,PETROL,1280.0
C000754,VEH01494,PETROL,1456.7
C000755,VEH01490,PETROL,1288.6
C000756,VEH01476,PETROL,1666.3
C000757,VEH01498,PETROL,1352.1
C000758,VEH01437,PETROL,1563.2
C000759,VEH01782,PETROL,333.9
C000760,VEH01999,PETROL,344.6
C000761,VEH01840,PETROL,372.2
C000762,VEH01669,PETROL,398.3
C000763,VEH01466,PETROL,471.6
C000764,VEH01651,PETROL,1803.6
C000765,VEH01863,PETROL,493.9
C000766,VEH01759,PETROL,498.2
C000767,VEH01884,PETROL,1627.9
C000768,VEH01499,PETROL,213.2
C000769,VEH01812,PETROL,272.2
C000770,VEH01829,PETROL,274.5
C000771,VEH01569,PETROL,284.3
C000772,VEH01894,PETROL,317.4
C000773,VEH01971,PETROL,2194.6
C000774,VEH01557,PETROL,2220.4
C000775,VEH01502,PETROL,2283.7
C000776,VEH01850,PETROL,2283.8
C000777,VEH01938,PETROL,2285.2
C000778,VEH01797,PETROL,2321.8
C000779,VEH01764,PETROL,2334.1
C000780,VEH01606,PETROL,2361.6
C000781,VEH01640,PETROL,2399.0
C000782,VEH01933,PETROL,2420.8
C000783,VEH01890,PETROL,2510.6
C000784,VEH01418,PETROL,2515.3
C000785,VEH01815,PETROL,2538.4
C000786,VEH01819,PETROL,2540.6
C000787,VEH01540,PETROL,2580.8
C000788,VEH01497,PETROL,2635.7
C000789,VEH01818,PETROL,2682.2
C000790,VEH01642,PETROL,3022.8
C000791,VEH01994,PETROL,3055.3
C000792,VEH01899,PETROL,3016.5
C000793,VEH01536,PETROL,3092.5
C000794,VEH01662,PETROL,3279.3
C000795,VEH01828,PETROL,3223.3
C000796,VEH01734,PETROL,3552.3
C000797,VEH01518,PETROL,3371.1
C000798,VEH01620,PETROL,3641.7
C000799,VEH01756,PETROL,3570.5
C000800,VEH01811,PETROL,3594.7
C000801,VEH01772,PETROL,3652.3
C000802,VEH01500,PETROL,3720.4
C000803,VEH01821,PETROL,3682.9
C000804,VEH01423,PETROL,3784.3
C000805,VEH01981,PETROL,3741.9
C000806,VEH01928,PETROL,3949.6
C000807,VEH01488,PETROL,3745.0
C000808,VEH01409,PETROL,3973.8
C000809,VEH01733,PETROL,3974.3
C000810,VEH01578,PETROL,3847.1
C000811,VEH01641,PETROL,3884.2
C000812,VEH01934,PETROL,3984.5
C000813,VEH01776,PETROL,3997.0
C000814,VEH01853,PETROL,3985.7
C000815,VEH01547,PETROL,4058.0
C000816,VEH01667,PETROL,4046.5
C000817,VEH01541,PETROL,4106.8
C000818,VEH01571,PETROL,4049.7
C000819,VEH01553,PETROL,4109.8
C000820,VEH01687,PETROL,4116.6
C000821,VEH01823,PETROL,4075.8
C000822,VEH01422,PETROL,4252.9
C000823,VEH01678,PETROL,4290.0
C000824,VEH01735,PETROL,4309.4
C000825,VEH01862,PETROL,4153.9
C000826,VEH01549,PETROL,4174.2
C000827,VEH01844,PETROL,4382.3
C000828,VEH01633,PETROL,4217.0
C000829,VEH01685,PETROL,4414.2
C000830,VEH01688,PETROL,4242.9
C000831,VEH01616,PETROL,4254.3
C000832,VEH01833,PETROL,4415.6
C000833,VEH01988,PETROL,4432.9
C000834,VEH01889,PETROL,4433.8
C000835,VEH01742,PETROL,4467.1
C000836,VEH01911,PETROL,4362.6
C000837,VEH01623,PETROL,4411.8
C000838,VEH01469,PETROL,4628.5
C000839,VEH01522,PETROL,4570.4
C000840,VEH01962,PETROL,4696.2
C000841,VEH01597,PETROL,4574.2
C000842,VEH01912,PETROL,4638.9
C000843,VEH01701,PETROL,4928.8
C000844,VEH01432,PETROL,4960.5
C000845,VEH01745,PETROL,4971.7
C000846,VEH01846,PETROL,5156.3
C000847,VEH01786,PETROL,4712.0
C000848,VEH01908,PETROL,5049.1
C000849,VEH01610,PETROL,5503.1
C000850,VEH01952,PETROL,5869.4
C000851,VEH01705,PETROL,5823.8
C000852,VEH01695,PETROL,5987.8
C000853,VEH01573,PETROL,6099.4
C000854,VEH01694,PETROL,5874.8
C000855,VEH01765,PETROL,5980.9
C000856,VEH01947,PETROL,2649.8
C000857,VEH01968,PETROL,2949.5
C000858,VEH01470,PETROL,5534.9
C000859,VEH01757,PETROL,6897.8
C000860,VEH01717,PETROL,6991.4
C000861,VEH01666,PETROL,7034.9
C000862,VEH01918,PETROL,7048.0
C000863,VEH01562,PETROL,7062.9
C000864,VEH01467,PETROL,7066.2
C000865,VEH01769,PETROL,7132.7
C000866,VEH01459,PETROL,7229.7
C000867,VEH01463,PETROL,7254.9
C000868,VEH01792,PETROL,5957.4
C000869,VEH01739,PETROL,5968.5
C000870,VEH01957,PETROL,6055.2
C000871,VEH01868,PETROL,6117.0
C000872,VEH01966,PETROL,7171.5
C000873,VEH01917,PETROL,7216.4
C000874,VEH01783,PETROL,7356.9
C000875,VEH01703,PETROL,7481.5
C000876,VEH01526,PETROL,7527.0
C000877,VEH01689,PETROL,7481.3
C000878,VEH01507,PETROL,7500.4
C000879,VEH01713,PETROL,7513.8
C000880,VEH01643,PETROL,7522.2
C000881,VEH01645,PETROL,7536.2
C000882,VEH01579,PETROL,7580.4
C000883,VEH01763,PETROL,7581.0
C000884,VEH01724,PETROL,7597.5
C000885,VEH01887,PETROL,7694.6
C000886,VEH01698,PETROL,7750.4
C000887,VEH01619,PETROL,7995.7
C000888,VEH01611,PETROL,8102.1
C000889,VEH01773,PETROL,8141.5
C000890,VEH01416,PETROL,8223.3
C000891,VEH01691,PETROL,8298.8
C000892,VEH01875,PETROL,8652.8
C000893,VEH01561,PETROL,8702.9
C000894,VEH01516,PETROL,8875.3
C000895,VEH01834,PETROL,8920.0
C000896,VEH01867,PETROL,9126.8
C000897,VEH01428,PETROL,9198.5
C000898,VEH01511,PETROL,9246.1
C000899,VEH01725,PETROL,9373.7
C000900,VEH01948,PETROL,9445.4
C000901,VEH01434,PETROL,9461.4
C000902,VEH01814,PETROL,9464.3
C000903,VEH01439,PETROL,9581.8
C000904,VEH01895,PETROL,9625.2
C000905,VEH01854,PETROL,9717.2
C000906,VEH01744,PETROL,9746.2
C000907,VEH01714,PETROL,9759.6
C000908,VEH01882,PETROL,9790.6
C000909,VEH01609,PETROL,9832.0
C000910,VEH01580,PETROL,9834.1
C000911,VEH01915,PETROL,9844.1
C000912,VEH01429,PETROL,9876.8
C000913,VEH01621,PETROL,10481.4
C000914,VEH01495,PETROL,10544.7
C000915,VEH01533,PETROL,10622.2
C000916,VEH01484,PETROL,10791.0
C000917,VEH01729,PETROL,10947.6
C000918,VEH01607,PETROL,11394.5
C000919,VEH01489,PETROL,11470.7
C000920,VEH01588,PETROL,11837.4
C000921,VEH01068,DIESEL,56.0
C000922,VEH01153,DIESEL,192.1
C000923,VEH00920,DIESEL,194.5
C000924,VEH00951,DIESEL,207.5
C000925,VEH00871,DIESEL,214.2
C000926,VEH01023,DIESEL,218.8
C000927,VEH01373,DIESEL,227.3
C000928,VEH00974,DIESEL,230.7
C000929,VEH01025,DIESEL,235.7
C000930,VEH01265,DIESEL,262.9
C000931,VEH01344,DIESEL,269.8
C000932,VEH01073,DIESEL,271.3
C000933,VEH00910,DIESEL,273.8
C000934,VEH00933,DIESEL,299.2
C000935,VEH00921,DIESEL,302.4
C000936,VEH00869,DIESEL,321.9
C000937,VEH01331,DIESEL,322.6
C000938,VEH01235,DIESEL,323.5
C000939,VEH00849,DIESEL,339.1
C000940,VEH01241,DIESEL,342.3
C000941,VEH01939,PETROL,10725.6
C000942,VEH01813,PETROL,10761.0
C000943,VEH01639,PETROL,10949.7
C000944,VEH01574,PETROL,10923.1
C000945,VEH01410,PETROL,11256.5
C000946,VEH01959,PETROL,12954.1
C000947,VEH01278,DIESEL,132.9
C000948,VEH01681,PETROL,12413.9
C000949,VEH01923,PETROL,13177.3
C000950,VEH01142,DIESEL,156.8
C000951,VEH00880,DIESEL,61.2
C000952,VEH01069,DIESEL,149.9
C000953,VEH01234,DIESEL,139.0
C000954,VEH00931,DIESEL,264.0
C000955,VEH01223,DIESEL,236.0
C000956,VEH01045,DIESEL,53.5
C000957,VEH01392,DIESEL,202.2
C000958,VEH01203,DIESEL,76.9
C000959,VEH00946,DIESEL,271.4
C000960,VEH00895,DIESEL,272.9
C000961,VEH01363,DIESEL,254.8
C000962,VEH00940,DIESEL,284.3
C000963,VEH00812,DIESEL,265.7
C000964,VEH00943,DIESEL,279.4
C000965,VEH00993,DIESEL,290.8
C000966,VEH01019,DIESEL,295.8
C000967,VEH01368,DIESEL,106.7
C000968,VEH01293,DIESEL,285.5
C000969,VEH01030,DIESEL,303.9
C000970,VEH01058,DIESEL,343.9
C000971,VEH00939,DIESEL,292.5
C000972,VEH01154,DIESEL,171.0
C000973,VEH01385,DIESEL,344.6
C000974,VEH01336,DIESEL,375.5
C000975,VEH00864,DIESEL,258.3
C000976,VEH00837,DIESEL,351.2
C000977,VEH01374,DIESEL,398.7
C000978,VEH00942,DIESEL,361.1
C000979,VEH01012,DIESEL,375.2
C000980,VEH00997,DIESEL,335.3
C000981,VEH01383,DIESEL,410.0
C000982,VEH01247,DIESEL,411.7
C000983,VEH01249,DIESEL,354.9
C000984,VEH01150,DIESEL,251.2
C000985,VEH00821,DIESEL,416.6
C000986,VEH00833,DIESEL,288.2
C000987,VEH01111,DIESEL,459.2
C000988,VEH01003,DIESEL,464.8
C000989,VEH00877,DIESEL,390.4
C000990,VEH01222,DIESEL,464.9
C000991,VEH01277,DIESEL,428.3
C000992,VEH01300,DIESEL,429.2
C000993,VEH01029,DIESEL,449.8
C000994,VEH01175,DIESEL,397.5
C000995,VEH00885,DIESEL,211.9
C000996,VEH01237,DIESEL,496.4
C000997,VEH01079,DIESEL,518.2
C000998,VEH01047,DIESEL,533.3
C000999,VEH01204,DIESEL,241.2
C001000,VEH00810,DIESEL,265.1
C001001,VEH00006,EV,11758.4
C001002,VEH01286,DIESEL,293.3
C001003,VEH00719,EV,11774.5
C001004,VEH01229,DIESEL,319.8
C001005,VEH01231,DIESEL,328.3
C001006,VEH00637,EV,11786.1
C001007,VEH00956,DIESEL,338.4
C001008,VEH00702,EV,11799.8
C001009,VEH01020,DIESEL,361.3
C001010,VEH01075,DIESEL,380.0
C001011,VEH00673,EV,11873.6
C001012,VEH01015,DIESEL,389.7
C001013,VEH00732,EV,12037.8
C001014,VEH01048,DIESEL,409.5
C001015,VEH01356,DIESEL,426.5
C001016,VEH00102,EV,12240.6
C001017,VEH01057,DIESEL,433.2
C001018,VEH00578,EV,12282.9
C001019,VEH01905,PETROL,12503.5
C001020,VEH00992,DIESEL,178.9
C001021,VEH00258,EV,11962.4
C001022,VEH01255,DIESEL,451.9
C001023,VEH00881,DIESEL,676.1
C001024,VEH00995,DIESEL,830.6
C001025,VEH00860,DIESEL,862.1
C001026,VEH00986,DIESEL,912.7
C001027,VEH01324,DIESEL,470.2
C001028,VEH00831,DIESEL,493.1
C001029,VEH00828,DIESEL,917.6
C001030,VEH01059,DIESEL,950.4
C001031,VEH01626,PETROL,12125.3
C001032,VEH01345,DIESEL,327.7
C001033,VEH01367,DIESEL,399.9
C001034,VEH00817,DIESEL,951.5
C001035,VEH01159,DIESEL,960.2
C001036,VEH01172,DIESEL,985.5
C001037,VEH01369,DIESEL,1032.9
C001038,VEH01092,DIESEL,1046.8
C001039,VEH01284,DIESEL,648.3
C001040,VEH01181,DIESEL,650.3
C001041,VEH00918,DIESEL,1048.6
C001042,VEH00824,DIESEL,1069.4
C001043,VEH01017,DIESEL,149.1
C001044,VEH01214,DIESEL,702.0
C001045,VEH00947,DIESEL,731.6
C001046,VEH01134,DIESEL,734.1
C001047,VEH01006,DIESEL,768.3
C001048,VEH00959,DIESEL,773.5
C001049,VEH00982,DIESEL,1109.5
C001050,VEH00953,DIESEL,779.9
C001051,VEH01273,DIESEL,792.7
C001052,VEH00808,DIESEL,793.8
C001053,VEH00805,DIESEL,859.2
C001054,VEH01137,DIESEL,875.9
C001055,VEH00991,DIESEL,926.2
C001056,VEH01060,DIESEL,1229.7
C001057,VEH01270,DIESEL,1258.8
C001058,VEH01035,DIESEL,1112.7
C001059,VEH00988,DIESEL,1262.6
C001060,VEH01050,DIESEL,1304.1
C001061,VEH00858,DIESEL,1308.8
C001062,VEH01116,DIESEL,1120.9
C001063,VEH01054,DIESEL,1169.3
C001064,VEH00856,DIESEL,1313.3
C001065,VEH01105,DIESEL,1314.8
C001066,VEH01303,DIESEL,1353.0
C001067,VEH00904,DIESEL,1367.5
C001068,VEH01315,DIESEL,1379.7
C001069,VEH01109,DIESEL,1179.1
C001070,VEH00999,DIESEL,1380.2
C001071,VEH01251,DIESEL,1386.5
C001072,VEH00937,DIESEL,1410.5
C001073,VEH00816,DIESEL,1411.9
C001074,VEH00980,DIESEL,1417.5
C001075,VEH00971,DIESEL,1419.4
C001076,VEH01051,DIESEL,1438.9
C001077,VEH01357,DIESEL,1442.1
C001078,VEH01168,DIESEL,1270.3
C001079,VEH01193,DIESEL,1446.5
C001080,VEH01246,DIESEL,1447.9
C001081,VEH01013,DIESEL,1448.9
C001082,VEH00934,DIESEL,1290.1
C001083,VEH00922,DIESEL,1308.9
C001084,VEH00978,DIESEL,1454.2
C001085,VEH01112,DIESEL,1473.5
C001086,VEH01194,DIESEL,1478.8
C001087,VEH01351,DIESEL,1486.3
C001088,VEH01388,DIESEL,1495.7
C001089,VEH01179,DIESEL,1329.9
C001090,VEH01233,DIESEL,1497.2
C001091,VEH00923,DIESEL,1511.0
C001092,VEH01195,DIESEL,1513.8
C001093,VEH00873,DIESEL,1523.3
C001094,VEH01077,DIESEL,1524.1
C001095,VEH01280,DIESEL,1534.3
C001096,VEH01213,DIESEL,1539.8
C001097,VEH01339,DIESEL,1540.8
C001098,VEH00814,DIESEL,1334.7
C001099,VEH01113,DIESEL,1584.8
C001100,VEH01084,DIESEL,1589.4
C001101,VEH00915,DIESEL,1600.4
C001102,VEH00963,DIESEL,1345.4
C001103,VEH00834,DIESEL,1472.5
C001104,VEH00889,DIESEL,1164.5
C001105,VEH00829,DIESEL,1176.2
C001106,VEH01355,DIESEL,1245.8
C001107,VEH00914,DIESEL,1255.3
C001108,VEH01295,DIESEL,1265.5
C001109,VEH01338,DIESEL,1609.0
C001110,VEH00827,DIESEL,1615.1
C001111,VEH00902,DIESEL,1650.9
C001112,VEH01371,DIESEL,216.8
C001113,VEH00928,DIESEL,321.8
C001114,VEH01043,DIESEL,548.8
C001115,VEH01176,DIESEL,821.1
C001116,VEH00926,DIESEL,942.6
C001117,VEH01177,DIESEL,1017.6
C001118,VEH01026,DIESEL,1143.4
C001119,VEH01046,DIESEL,1184.1
C001120,VEH01094,DIESEL,1191.1
C001121,VEH01106,DIESEL,1193.5
C001122,VEH01117,DIESEL,1542.4
C001123,VEH01093,DIESEL,1565.1
C001124,VEH00839,DIESEL,1575.6
C001125,VEH01136,DIESEL,1608.2
C001126,VEH01085,DIESEL,1631.8
C001127,VEH00868,DIESEL,1666.2
C001128,VEH01801,PETROL,11677.9
C001129,VEH01876,PETROL,11708.2
C001130,VEH01102,DIESEL,131.6
C001131,VEH00919,DIESEL,150.4
C001132,VEH01212,DIESEL,183.6
C001133,VEH01271,DIESEL,192.1
C001134,VEH01014,DIESEL,213.1
C001135,VEH00891,DIESEL,224.2
C001136,VEH01359,DIESEL,268.1
C001137,VEH01178,DIESEL,286.7
C001138,VEH00970,DIESEL,1315.5
C001139,VEH01347,DIESEL,1877.7
C001140,VEH01390,DIESEL,1944.4
C001141,VEH01276,DIESEL,1978.2
C001142,VEH00924,DIESEL,2016.1
C001143,VEH00985,DIESEL,2001.0
C001144,VEH01076,DIESEL,2016.7
C001145,VEH01381,DIESEL,2034.4
C001146,VEH01096,DIESEL,2057.8
C001147,VEH00879,DIESEL,2082.9
C001148,VEH01226,DIESEL,2094.1
C001149,VEH01289,DIESEL,2112.2
C001150,VEH00855,DIESEL,2130.3
C001151,VEH01163,DIESEL,2165.0
C001152,VEH01078,DIESEL,2165.5
C001153,VEH00820,DIESEL,2167.1
C001154,VEH00865,DIESEL,2168.1
C001155,VEH01342,DIESEL,2183.4
C001156,VEH00806,DIESEL,2185.8
C001157,VEH01049,DIESEL,2197.2
C001158,VEH01253,DIESEL,2199.0
C001159,VEH00908,DIESEL,1418.8
C001160,VEH01130,DIESEL,1699.0
C001161,VEH01016,DIESEL,1756.9
C001162,VEH01072,DIESEL,1517.6
C001163,VEH01009,DIESEL,1591.3
C001164,VEH01308,DIESEL,1610.6
C001165,VEH00847,DIESEL,1630.8
C001166,VEH00950,DIESEL,1679.2
C001167,VEH00845,DIESEL,1769.5
C001168,VEH01299,DIESEL,1788.8
C001169,VEH01387,DIESEL,1791.1
C001170,VEH01099,DIESEL,1798.5
C001171,VEH01244,DIESEL,1802.5
C001172,VEH01037,DIESEL,1810.7
C001173,VEH00954,DIESEL,1829.7
C001174,VEH00813,DIESEL,1861.1
C001175,VEH01021,DIESEL,1871.0
C001176,VEH01372,DIESEL,1881.6
C001177,VEH01370,DIESEL,1881.7
C001178,VEH01007,DIESEL,1886.5
C001179,VEH00901,DIESEL,1891.1
C001180,VEH01083,DIESEL,2143.2
C001181,VEH00935,DIESEL,2148.7
C001182,VEH00966,DIESEL,2200.7
C001183,VEH01318,DIESEL,2212.5
C001184,VEH01329,DIESEL,2258.8
C001185,VEH00944,DIESEL,2277.2
C001186,VEH00823,DIESEL,2279.6
C001187,VEH01302,DIESEL,2558.1
C001188,VEH00981,DIESEL,2584.2
C001189,VEH00965,DIESEL,299.1
C001190,VEH01119,DIESEL,311.0
C001191,VEH01041,DIESEL,335.4
C001192,VEH01343,DIESEL,336.9
C001193,VEH01110,DIESEL,343.7
C001194,VEH01062,DIESEL,367.4
C001195,VEH01114,DIESEL,373.2
C001196,VEH00968,DIESEL,414.1
C001197,VEH00994,DIESEL,429.7
C001198,VEH01349,DIESEL,453.2
C001199,VEH01394,DIESEL,456.4
C001200,VEH00886,DIESEL,461.4
C001201,VEH01321,DIESEL,474.6
C001202,VEH01207,DIESEL,526.0
C001203,VEH01070,DIESEL,547.2
C001204,VEH00969,DIESEL,562.0
C001205,VEH00913,DIESEL,873.8
C001206,VEH00905,DIESEL,1452.0
C001207,VEH01198,DIESEL,1478.6
C001208,VEH01298,DIESEL,1492.8
C001209,VEH01228,DIESEL,1534.2
C001210,VEH01167,DIESEL,1581.1
C001211,VEH01220,DIESEL,1587.0
C001212,VEH00898,DIESEL,1592.3
C001213,VEH01053,DIESEL,1629.9
C001214,VEH00892,DIESEL,1663.1
C001215,VEH01008,DIESEL,1680.1
C001216,VEH00883,DIESEL,1693.6
C001217,VEH00925,DIESEL,1708.1
C001218,VEH00822,DIESEL,1716.6
C001219,VEH00996,DIESEL,1741.4
C001220,VEH01340,DIESEL,1754.2
C001221,VEH01131,DIESEL,1757.8
C001222,VEH00912,DIESEL,1769.3
C001223,VEH01353,DIESEL,1771.9
C001224,VEH01312,DIESEL,1781.9
C001225,VEH01002,DIESEL,1792.2
C001226,VEH01242,DIESEL,1812.7
C001227,VEH01327,DIESEL,1829.1
C001228,VEH01162,DIESEL,1842.2
C001229,VEH01087,DIESEL,1898.0
C001230,VEH01290,DIESEL,1913.2
C001231,VEH01397,DIESEL,1936.3
C001232,VEH01262,DIESEL,1942.7
C001233,VEH01322,DIESEL,1950.4
C001234,VEH01166,DIESEL,1965.7
C001235,VEH01272,DIESEL,1969.6
C001236,VEH00859,DIESEL,2009.7
C001237,VEH01200,DIESEL,2016.2
C001238,VEH01148,DIESEL,2042.1
C001239,VEH00989,DIESEL,2049.4
C001240,VEH00949,DIESEL,2075.6
C001241,VEH00832,DIESEL,2078.9
C001242,VEH01022,DIESEL,2087.7
C001243,VEH01314,DIESEL,2127.9
C001244,VEH01389,DIESEL,2158.9
C001245,VEH01274,DIESEL,2169.8
C001246,VEH00818,DIESEL,2314.0
C001247,VEH01071,DIESEL,2342.7
C001248,VEH01086,DIESEL,2561.3
C001249,VEH01288,DIESEL,2680.1
C001250,VEH01143,DIESEL,2825.4
C001251,VEH01250,DIESEL,2832.0
C001252,VEH01221,DIESEL,2848.6
C001253,VEH01316,DIESEL,2851.6
C001254,VEH01034,DIESEL,2882.7
C001255,VEH01377,DIESEL,2909.6
C001256,VEH01098,DIESEL,2980.4
C001257,VEH00851,DIESEL,3012.8
C001258,VEH01027,DIESEL,3069.7
C001259,VEH00884,DIESEL,3107.9
C001260,VEH01018,DIESEL,3129.9
C001261,VEH01082,DIESEL,3229.2
C001262,VEH00815,DIESEL,3242.3
C001263,VEH01052,DIESEL,3286.3
C001264,VEH00809,DIESEL,3323.7
C001265,VEH01183,DIESEL,3379.7
C001266,VEH01133,DIESEL,3388.2
C001267,VEH00852,DIESEL,3430.4
C001268,VEH01395,DIESEL,3464.9
C001269,VEH01044,DIESEL,3567.8
C001270,VEH01264,DIESEL,3577.5
C001271,VEH01088,DIESEL,3689.4
C001272,VEH00929,DIESEL,3701.8
C001273,VEH01296,DIESEL,3720.7
C001274,VEH00962,DIESEL,3768.4
C001275,VEH01391,DIESEL,3869.7
C001276,VEH00876,DIESEL,3897.7
C001277,VEH01156,DIESEL,3933.2
C001278,VEH01362,DIESEL,3961.5
C001279,VEH01011,DIESEL,4630.5
C001280,VEH01263,DIESEL,4711.5
C001281,VEH01232,DIESEL,4828.4
C001282,VEH01155,DIESEL,4861.6
C001283,VEH01206,DIESEL,5075.4
C001284,VEH01199,DIESEL,5114.8
C001285,VEH01254,DIESEL,5137.7
C001286,VEH01139,DIESEL,5303.8
C001287,VEH00830,DIESEL,5309.2
C001288,VEH00803,DIESEL,5312.8
C001289,VEH01120,DIESEL,5316.7
C001290,VEH00861,DIESEL,5334.0
C001291,VEH01216,DIESEL,5365.8
C001292,VEH01352,DIESEL,5514.6
C001293,VEH01305,DIESEL,5557.7
C001294,VEH01275,DIESEL,5623.1
C001295,VEH01165,DIESEL,5742.2
C001296,VEH00890,DIESEL,5987.2
C001297,VEH01259,DIESEL,6248.8
C001298,VEH01335,DIESEL,6666.1
C001299,VEH01334,DIESEL,6720.0
C001300,VEH00927,DIESEL,6806.3
C001301,VEH00844,DIESEL,6820.8
C001302,VEH00952,DIESEL,6942.9
C001303,VEH00897,DIESEL,6944.7
C001304,VEH01090,DIESEL,7036.6
C001305,VEH01091,DIESEL,7133.9
C001306,VEH01147,DIESEL,7243.2
C001307,VEH01257,DIESEL,7286.1
C001308,VEH00893,DIESEL,7321.7
C001309,VEH01170,DIESEL,7329.3
C001310,VEH01224,DIESEL,7368.0
C001311,VEH01010,DIESEL,7372.3
C001312,VEH01145,DIESEL,7571.6
C001313,VEH00930,DIESEL,7585.5
C001314,VEH00872,DIESEL,7600.8
C001315,VEH00894,DIESEL,7606.2
C001316,VEH00917,DIESEL,7654.6
C001317,VEH00802,DIESEL,7679.3
C001318,VEH01042,DIESEL,7680.6
C001319,VEH00972,DIESEL,7710.5
C001320,VEH01236,DIESEL,7747.3
C001321,VEH01393,DIESEL,7789.1
C001322,VEH00967,DIESEL,7956.1
C001323,VEH00941,DIESEL,8057.5
C001324,VEH00990,DIESEL,8089.5
C001325,VEH01218,DIESEL,8112.3
C001326,VEH01001,DIESEL,8118.7
C001327,VEH01360,DIESEL,8596.3
C001328,VEH01266,DIESEL,8709.5
C001329,VEH00878,DIESEL,8825.1
C001330,VEH00836,DIESEL,8895.8
C001331,VEH01164,DIESEL,8938.6
C001332,VEH01282,DIESEL,9270.2
C001333,VEH01364,DIESEL,9279.0
C001334,VEH01332,DIESEL,9313.9
C001335,VEH00975,DIESEL,9548.1
C001336,VEH01260,DIESEL,9590.5
C001337,VEH01004,DIESEL,9709.3
C001338,VEH01171,DIESEL,9862.2
C001339,VEH01398,DIESEL,9933.2
C001340,VEH01252,DIESEL,9953.1
C001341,VEH00846,DIESEL,10003.8
C001342,VEH01227,DIESEL,10027.3
C001343,VEH01341,DIESEL,10108.8
C001344,VEH01038,DIESEL,10136.2
C001345,VEH01215,DIESEL,10153.2
C001346,VEH01209,DIESEL,10153.9
C001347,VEH00887,DIESEL,10820.6
C001348,VEH00863,DIESEL,10962.9
C001349,VEH01123,DIESEL,10986.8
C001350,VEH01279,DIESEL,11031.7
C001351,VEH00857,DIESEL,11061.3
C001352,VEH00896,DIESEL,11290.6
C001353,VEH01108,DIESEL,11340.8
C001354,VEH01118,DIESEL,11384.6
C001355,VEH00882,DIESEL,11499.1
C001356,VEH00850,DIESEL,11621.9
C001357,VEH00899,DIESEL,11749.3
C001358,,,
C001359,,,
C001360,,,
C001361,,,
C001362,,,
C001363,,,
C001364,,,
C001365,,,
C001366,,,
C001367,,,
C001368,,,
C001369,,,
C001370,,,
C001371,,,
C001372,,,
C001373,,,
C001374,,,
C001375,,,
C001376,,,
C001377,,,
C001378,,,
C001379,,,
C001380,,,
C001381,,,
C001382,,,
C001383,,,
C001384,,,
C001385,,,
C001386,,,
C001387,,,
C001388,,,
C001389,,,
C001390,,,
C001391,,,
C001392,,,
C001393,,,
C001394,,,
C001395,,,
C001396,,,
C001397,,,
C001398,,,
C001399,,,
C001400,,,
C001401,,,
C001402,,,
C001403,,,
C001404,,,
C001405,,,
C001406,,,
C001407,,,
C001408,,,
C001409,,,
C001410,,,
C001411,,,
C001412,,,
C001413,,,
C001414,,,
C001415,,,
C001416,,,
C001417,,,
C001418,,,
C001419,,,
C001420,,,
C001421,,,
C001422,,,
C001423,,,
C001424,,,
C001425,,,
C001426,,,
C001427,,,
C001428,,,
C001429,,,
C001430,,,
C001431,,,
C001432,,,
C001433,,,
C001434,,,
C001435,,,
C001436,,,
C001437,,,
C001438,,,
C001439,,,
C001440,,,
C001441,,,
C001442,,,
C001443,,,
C001444,,,
C001445,,,
C001446,,,
C001447,,,
C001448,VEH00058,EV,12476.4
C001449,,,
C001450,,,
C001451,,,
C001452,,,
C001453,,,
C001454,,,
C001455,,,
C001456,,,
C001457,,,
C001458,,,
C001459,,,
C001460,,,
C001461,,,
C001462,,,
C001463,,,
C001464,,,
C001465,,,
C001466,,,
C001467,,,
C001468,VEH01281,DIESEL,10869.5
C001469,VEH01217,DIESEL,11233.3
C001470,VEH01267,DIESEL,11559.8
C001471,VEH01248,DIESEL,11587.7
C001472,VEH00945,DIESEL,11659.7
C001473,VEH01399,DIESEL,11765.4
C001474,,,
C001475,,,
C001476,,,
C001477,,,
C001478,,,
C001479,,,
C001480,,,
C001481,,,
C001482,,,
C001483,,,
C001484,,,
C001485,,,
C001486,,,
C001487,,,
C001488,,,
C001489,,,
C001490,,,
C001491,,,
C001492,,,
C001493,,,
C001494,,,
C001495,,,
C001496,,,
C001497,,,
C001498,,,
C001499,,,
C001500,,,
C001501,,,
C001502,,,
C001503,,,
C001504,,,
C001505,,,
C001506,,,
C001507,,,
C001508,,,
C001509,,,
C001510,,,
C001511,,,
C001512,,,
C001513,,,
C001514,,,
C001515,,,
C001516,,,
C001517,,,
C001518,,,
C001519,,,
C001520,,,
C001521,,,
C001522,,,
C001523,,,
C001524,,,
C001525,,,
C001526,,,
C001527,,,
C001528,,,
C001529,,,
C001530,,,
C001531,,,
C001532,,,
C001533,,,
C001534,,,
C001535,,,
C001536,,,
C001537,,,
C001538,,,
C001539,,,
C001540,,,
C001541,,,
C001542,,,
C001543,,,
C001544,VEH01726,PETROL,11537.7
C001545,,,
C001546,,,
C001547,,,
C001548,,,
C001549,,,
C001550,,,
C001551,,,
C001552,,,
C001553,,,
C001554,,,
C001555,,,
C001556,,,
C001557,,,
C001558,,,
C001559,,,
C001560,,,
C001561,,,
C001562,,,
C001563,,,
C001564,,,
C001565,,,
C001566,,,
C001567,,,
C001568,,,
C001569,,,
C001570,,,
C001571,,,
C001572,,,
C001573,,,
C001574,,,
C001575,,,
C001576,,,
C001577,,,
C001578,,,
C001579,,,
C001580,,,
C001581,,,
C001582,,,
C001583,,,
C001584,,,
C001585,,,
C001586,,,
C001587,,,
C001588,,,
C001589,,,
C001590,,,
C001591,,,
C001592,,,
C001593,,,
C001594,,,
C001595,,,
C001596,,,
C001597,,,
C001598,,,
C001599,,,
C001600,,,
C001601,,,
C001602,,,
C001603,,,
C001604,,,
C001605,,,
C001606,,,
C001607,,,
C001608,,,
C001609,,,
C001610,,,
C001611,,,
C001612,,,
C001613,,,
C001614,,,
C001615,,,
C001616,,,
C001617,,,
C001618,,,
C001619,,,
C001620,,,
C001621,,,
C001622,,,
C001623,,,
C001624,,,
C001625,,,
C001626,,,
C001627,,,
C001628,,,
C001629,,,
C001630,,,
C001631,,,
C001632,,,
C001633,,,
C001634,,,
C001635,,,
C001636,,,
C001637,,,
C001638,,,
C001639,,,
C001640,,,
C001641,,,
C001642,,,
C001643,,,
C001644,,,
C001645,,,
C001646,,,
C001647,,,
C001648,,,
C001649,,,
C001650,,,
C001651,,,
C001652,,,
C001653,,,
C001654,,,
C001655,,,
C001656,,,
C001657,,,
C001658,,,
C001659,,,
C001660,,,
C001661,,,
C001662,,,
C001663,,,
C001664,,,
C001665,,,
C001666,,,
C001667,,,
C001668,,,
C001669,,,
C001670,,,
C001671,,,
C001672,,,
C001673,,,
C001674,,,
C001675,,,
C001676,,,
C001677,,,
C001678,,,
C001679,,,
C001680,,,
C001681,,,
C001682,,,
C001683,,,
C001684,,,
C001685,,,
C001686,,,
C001687,,,
C001688,,,
C001689,,,
C001690,,,
C001691,,,
C001692,,,
C001693,,,
C001694,,,
C001695,,,
C001696,,,
C001697,,,
C001698,,,
C001699,,,
C001700,,,
C001701,,,
C001702,,,
C001703,,,
C001704,,,
C001705,,,
C001706,,,
C001707,,,
C001708,,,
C001709,,,
C001710,,,
C001711,VEH01953,PETROL,12328.4
C001712,VEH01107,DIESEL,11091.1
C001713,,,
C001714,,,
C001715,,,
C001716,,,
C001717,,,
C001718,,,
C001719,,,
C001720,,,
C001721,,,
C001722,,,
C001723,,,
C001724,,,
C001725,,,
C001726,,,
C001727,,,
C001728,,,
C001729,,,
C001730,,,
C001731,,,
C001732,,,
C001733,,,
C001734,,,
C001735,,,
C001736,,,
C001737,,,
C001738,,,
C001739,,,
C001740,,,
C001741,,,
C001742,VEH00553,EV,262.5
C001743,VEH00681,EV,269.6
C001744,VEH00231,EV,282.0
C001745,VEH00336,EV,285.1
C001746,VEH00490,EV,300.6
C001747,VEH00650,EV,302.6
C001748,VEH00605,EV,304.2
